site,description
http://www.caravanhajj.com/,Travel agengy for Hajj and 'Umra
http://www.chicagohajj.com/,Travel agengy for Hajj and 'Umra
http://www.highflytravel.com/,Travel agengy for Hajj and 'Umra
http://www.mafazatours.com/,Travel agengy for Hajj and 'Umra
http://hajjmakkahtours.com/,Travel agengy for Hajj and 'Umra
http://www.metrointernationaltravel.com/,Travel agengy for Hajj and 'Umra
http://www.peaktimetravel.com/,Travel agengy for Hajj and 'Umra
http://www.sarainternationaltravel.com/,Travel agengy for Hajj and 'Umra
http://makkah-hajjpackages.com/,Travel agengy for Hajj and 'Umra
